Date,AMZN.O
1/1/10,
4/1/10,133.9
5/1/10,134.69
6/1/10,132.25
7/1/10,130
8/1/10,133.52
11/1/10,130.308
12/1/10,127.35
13/1/10,129.11
14/1/10,127.35
15/1/10,127.14
18/1/10,
19/1/10,127.61
20/1/10,125.78
21/1/10,126.62
22/1/10,121.43
25/1/10,120.31
26/1/10,119.48
27/1/10,122.75
28/1/10,126.03
29/1/10,125.41
1/2/10,118.87
2/2/10,118.12
3/2/10,119.1
4/2/10,115.94
5/2/10,117.39
8/2/10,116.83
9/2/10,118.03
10/2/10,117.36
11/2/10,120.09
12/2/10,119.66
15/2/10,
16/2/10,117.53
17/2/10,116.31
18/2/10,118.08
19/2/10,117.52
22/2/10,118.01
23/2/10,117.24
24/2/10,119.72
25/2/10,118.2
26/2/10,118.4
1/3/10,124.54
2/3/10,125.53
3/3/10,125.89
4/3/10,128.53
5/3/10,128.91
8/3/10,130.11
9/3/10,128.82
10/3/10,130.51
11/3/10,133.58
12/3/10,131.82
15/3/10,131.13
16/3/10,131.79
17/3/10,131.34
18/3/10,132.76
19/3/10,130.35
22/3/10,130.47
23/3/10,129.26
24/3/10,128.04
25/3/10,134.73
26/3/10,135.06
29/3/10,135.12
30/3/10,136.579
31/3/10,135.77
1/4/10,131.81
2/4/10,
5/4/10,131.49
6/4/10,135.56
7/4/10,134.87
8/4/10,140.96
9/4/10,140.06
12/4/10,141.2
13/4/10,140.16
14/4/10,144.28
15/4/10,145.82
16/4/10,142.171
19/4/10,142.43
20/4/10,144.2
21/4/10,146.43
22/4/10,150.09
23/4/10,143.63
26/4/10,147.11
27/4/10,142.02
28/4/10,139.35
29/4/10,141.73
30/4/10,137.1
3/5/10,137.49
4/5/10,129.83
5/5/10,130.93
6/5/10,128.71
7/5/10,124.98
10/5/10,131.29
11/5/10,130.46
12/5/10,133.87
13/5/10,131.47
14/5/10,128.533
17/5/10,128.91
18/5/10,126.28
19/5/10,124.59
20/5/10,119.71
21/5/10,122.72
24/5/10,122.12
25/5/10,124.86
26/5/10,123.21
27/5/10,126.7
28/5/10,125.46
31/5/10,
1/6/10,123.24
2/6/10,126.31
3/6/10,128.76
4/6/10,122.77
7/6/10,122.01
8/6/10,118.835
9/6/10,117.91
10/6/10,123.21
11/6/10,123.03
14/6/10,123.83
15/6/10,126.84
16/6/10,126.9
17/6/10,125.89
18/6/10,125.83
21/6/10,122.55
22/6/10,122.307
23/6/10,121.45
24/6/10,118.33
25/6/10,121
28/6/10,117.8
29/6/10,108.61
30/6/10,109.26
1/7/10,110.96
2/7/10,109.14
5/7/10,
6/7/10,110.06
7/7/10,113.43
8/7/10,116.22
9/7/10,117.26
12/7/10,119.51
13/7/10,123.65
14/7/10,123.3
15/7/10,122.06
16/7/10,118.49
19/7/10,119.94
20/7/10,120.1
21/7/10,117.43
22/7/10,120.07
23/7/10,118.87
26/7/10,118.4
27/7/10,117.13
28/7/10,117.13
29/7/10,116.86
30/7/10,117.89
2/8/10,120.07
3/8/10,122.42
4/8/10,127.58
5/8/10,127.83
6/8/10,128.32
9/8/10,128.83
10/8/10,130
11/8/10,125.89
12/8/10,126.56
13/8/10,124.69
16/8/10,126.07
17/8/10,128.86
18/8/10,129.65
19/8/10,127.57
20/8/10,127.76
23/8/10,126.6
24/8/10,124.53
25/8/10,126.85
26/8/10,124.86
27/8/10,126.64
30/8/10,123.79
31/8/10,124.83
1/9/10,132.49
2/9/10,135.21
3/9/10,138.79
6/9/10,
7/9/10,137.22
8/9/10,139.14
9/9/10,140.38
10/9/10,142.44
13/9/10,145.07
14/9/10,145.75
15/9/10,145.45
16/9/10,148.13
17/9/10,148.325
20/9/10,151.3048
21/9/10,150.73
22/9/10,151.83
23/9/10,152.85
24/9/10,160.73
27/9/10,159.37
28/9/10,159.7
29/9/10,158.99
30/9/10,157.06
1/10/10,153.71
4/10/10,155.39
5/10/10,160.87
6/10/10,155.4
7/10/10,156.27
8/10/10,155.55
11/10/10,153.03
12/10/10,156.48
13/10/10,155.17
14/10/10,155.53
15/10/10,164.64
18/10/10,163.56
19/10/10,158.67
20/10/10,158.67
21/10/10,164.97
22/10/10,169.13
25/10/10,169
26/10/10,169.95
27/10/10,167.51
28/10/10,166.84
29/10/10,165.23
1/11/10,162.58
2/11/10,164.61
3/11/10,168.47
4/11/10,168.93
5/11/10,170.77
8/11/10,171.99
9/11/10,170.27
10/11/10,173.33
11/11/10,170.37
12/11/10,165.68
15/11/10,158.9
16/11/10,157.78
17/11/10,158.35
18/11/10,164.17
19/11/10,164.82
22/11/10,170.39
23/11/10,168.2
24/11/10,177.25
25/11/10,
26/11/10,177.5
29/11/10,179.49
30/11/10,175.4
1/12/10,176.55
2/12/10,176.53
3/12/10,175.68
6/12/10,178.05
7/12/10,176.77
8/12/10,176.29
9/12/10,174.85
10/12/10,175.62
13/12/10,174.25
14/12/10,173.94
15/12/10,175.57
16/12/10,178.04
17/12/10,177.58
20/12/10,183.29
21/12/10,184.75
22/12/10,184.76
23/12/10,182.59
24/12/10,
27/12/10,182.14
28/12/10,181.09
29/12/10,183.37
30/12/10,182.75
31/12/10,180
3/1/11,184.22
4/1/11,185.01
5/1/11,187.42
6/1/11,185.86
7/1/11,185.49
10/1/11,184.68
11/1/11,184.34
12/1/11,184.08
13/1/11,185.53
14/1/11,188.75
17/1/11,
18/1/11,191.25
19/1/11,186.87
20/1/11,181.96
21/1/11,177.42
24/1/11,176.85
25/1/11,176.7
26/1/11,175.39
27/1/11,184.45
28/1/11,171.14
31/1/11,169.64
1/2/11,172.11
2/2/11,173.53
3/2/11,173.71
4/2/11,175.93
7/2/11,176.43
8/2/11,183.06
9/2/11,185.3
10/2/11,186.21
11/2/11,189.25
14/2/11,190.42
15/2/11,189.03
16/2/11,186.62
17/2/11,187.76
18/2/11,186.5
21/2/11,
22/2/11,180.42
23/2/11,176.68
24/2/11,177.75
25/2/11,177.24
28/2/11,173.29
1/3/11,169.44
2/3/11,172.02
3/3/11,172.79
4/3/11,171.67
7/3/11,169.08
8/3/11,166.89
9/3/11,169.05
10/3/11,166.14
11/3/11,168.07
14/3/11,166.73
15/3/11,165.08
16/3/11,164.7
17/3/11,160.97
18/3/11,161.82
21/3/11,164.525
22/3/11,162.6
23/3/11,165.32
24/3/11,171.1
25/3/11,170.98
28/3/11,169.35
29/3/11,174.62
30/3/11,179.42
31/3/11,180.13
1/4/11,180.13
4/4/11,182.94
5/4/11,185.29
6/4/11,182.76
7/4/11,184.91
8/4/11,184.71
11/4/11,184.04
12/4/11,180.48
13/4/11,182.29
14/4/11,181.82
15/4/11,180.01
18/4/11,178.34
19/4/11,178.82
20/4/11,183.87
21/4/11,185.89
22/4/11,
25/4/11,185.42
26/4/11,182.3
27/4/11,196.63
28/4/11,195.07
29/4/11,195.81
2/5/11,201.19
3/5/11,198.45
4/5/11,199.97
5/5/11,197.11
6/5/11,197.6
9/5/11,200.8
10/5/11,203.94
11/5/11,204.38
12/5/11,206.07
13/5/11,202.56
16/5/11,192.51
17/5/11,194.81
18/5/11,197.09
19/5/11,198.805
20/5/11,198.65
23/5/11,196.22
24/5/11,193.27
25/5/11,192.26
26/5/11,195
27/5/11,194.13
30/5/11,
31/5/11,196.69
1/6/11,192.395
2/6/11,193.65
3/6/11,188.32
6/6/11,185.69
7/6/11,187.55
8/6/11,188.05
9/6/11,189.68
10/6/11,186.53
13/6/11,186.29
14/6/11,189.96
15/6/11,185.98
16/6/11,183.65
17/6/11,186.37
20/6/11,187.72
21/6/11,194.23
22/6/11,191.63
23/6/11,194.16
24/6/11,192.55
27/6/11,201.25
28/6/11,202.35
29/6/11,204.18
30/6/11,204.49
1/7/11,209.49
4/7/11,
5/7/11,213.19
6/7/11,214.19
7/7/11,216.74
8/7/11,218.28
11/7/11,212.55
12/7/11,211.23
13/7/11,213.5
14/7/11,210.38
15/7/11,212.87
18/7/11,211.53
19/7/11,218.06
20/7/11,215.55
21/7/11,213.21
22/7/11,216.52
25/7/11,213.49
26/7/11,214.18
27/7/11,222.518
28/7/11,223.9
29/7/11,222.52
1/8/11,221.32
2/8/11,211.7
3/8/11,209.96
4/8/11,201.48
5/8/11,202.7
8/8/11,193.7
9/8/11,205.09
10/8/11,194.13
11/8/11,198.36
12/8/11,202.3
15/8/11,202.95
16/8/11,197.68
17/8/11,195.93
18/8/11,182.52
19/8/11,178.93
22/8/11,177.54
23/8/11,193.55
24/8/11,193.73
25/8/11,192.03
26/8/11,199.27
29/8/11,206.53
30/8/11,210.92
31/8/11,215.23
1/9/11,212.54
2/9/11,210
5/9/11,
6/9/11,216.18
7/9/11,219.9
8/9/11,217.26
9/9/11,211.39
12/9/11,216.56
13/9/11,219.53
14/9/11,222.57
15/9/11,226.78
16/9/11,239.3
19/9/11,241.69
20/9/11,233.25
21/9/11,231.87
22/9/11,223.23
23/9/11,223.61
26/9/11,229.85
27/9/11,224.21
28/9/11,229.71
29/9/11,222.44
30/9/11,216.23
3/10/11,211.98
4/10/11,212.5
5/10/11,219.498
6/10/11,221.51
7/10/11,224.74
10/10/11,231.32
11/10/11,235.48
12/10/11,236.81
13/10/11,236.15
14/10/11,246.71
17/10/11,242.33
18/10/11,243.88
19/10/11,231.53
20/10/11,233.61
21/10/11,234.78
24/10/11,237.61
25/10/11,227.15
26/10/11,198.4
27/10/11,206.78
28/10/11,217.32
31/10/11,213.51
1/11/11,212.105
2/11/11,215.62
3/11/11,218.29
4/11/11,216.48
7/11/11,217
8/11/11,217.99
9/11/11,211.22
10/11/11,210.79
11/11/11,217.39
14/11/11,218.93
15/11/11,217.83
16/11/11,211.99
17/11/11,204.52
18/11/11,197.14
21/11/11,189.25
22/11/11,192.34
23/11/11,188.99
24/11/11,
25/11/11,182.399
28/11/11,194.15
29/11/11,188.39
30/11/11,192.29
1/12/11,197.13
2/12/11,196.03
5/12/11,196.24
6/12/11,191.99
7/12/11,195.32
8/12/11,190.48
9/12/11,193.03
12/12/11,189.52
13/12/11,180.51
14/12/11,180.21
15/12/11,181.26
16/12/11,181.26
19/12/11,179.33
20/12/11,182.52
21/12/11,174.35
22/12/11,179.03
23/12/11,177.28
26/12/11,
27/12/11,176.27
28/12/11,173.89
29/12/11,173.86
30/12/11,173.1
2/1/12,
3/1/12,179.03
4/1/12,177.51
5/1/12,177.61
6/1/12,182.61
9/1/12,178.56
10/1/12,179.34
11/1/12,178.9
12/1/12,175.93
13/1/12,178.42
16/1/12,
17/1/12,181.66
18/1/12,189.44
19/1/12,194.45
20/1/12,190.93
23/1/12,186.09
24/1/12,187
25/1/12,187.8
26/1/12,193.316
27/1/12,195.37
30/1/12,192.15
31/1/12,194.44
1/2/12,179.46
2/2/12,181.72
3/2/12,187.68
6/2/12,183.14
7/2/12,184.19
8/2/12,185.48
9/2/12,184.98
10/2/12,185.54
13/2/12,191.59
14/2/12,191.3
15/2/12,184.47
16/2/12,179.93
17/2/12,182.5
20/2/12,
21/2/12,182.26
22/2/12,180.58
23/2/12,178.89
24/2/12,179.13
27/2/12,178.53
28/2/12,183.8
29/2/12,179.69
1/3/12,180.04
2/3/12,179.3
5/3/12,180.26
6/3/12,181.09
7/3/12,183.77
8/3/12,187.64
9/3/12,184.32
12/3/12,183.39
13/3/12,184.59
14/3/12,182.26
15/3/12,184.43
16/3/12,185.05
19/3/12,185.52
20/3/12,192.33
21/3/12,191.73
22/3/12,192.4
23/3/12,195.04
26/3/12,202.87
27/3/12,205.44
28/3/12,201.16
29/3/12,204.61
30/3/12,202.51
2/4/12,198.05
3/4/12,199.66
4/4/12,193.99
5/4/12,194.39
6/4/12,
9/4/12,191.87
10/4/12,186.98
11/4/12,187.97
12/4/12,190.69
13/4/12,188.46
16/4/12,185.5
17/4/12,188.39
18/4/12,191.07
19/4/12,191.1
20/4/12,189.98
23/4/12,188.24
24/4/12,190.33
25/4/12,194.42
26/4/12,195.99
27/4/12,226.85
30/4/12,231.9
1/5/12,230.04
2/5/12,230.25
3/5/12,229.45
4/5/12,223.99
7/5/12,225.16
8/5/12,223.9
9/5/12,222.98
10/5/12,226.69
11/5/12,227.68
14/5/12,222.93
15/5/12,224.39
16/5/12,224.06
17/5/12,218.36
18/5/12,213.85
21/5/12,218.11
22/5/12,215.33
23/5/12,217.28
24/5/12,215.24
25/5/12,212.89
28/5/12,
29/5/12,214.75
30/5/12,209.23
31/5/12,212.91
1/6/12,208.22
4/6/12,214.57
5/6/12,213.21
6/6/12,217.64
7/6/12,218.8
8/6/12,218.48
11/6/12,216.5
12/6/12,216.42
13/6/12,214.73
14/6/12,214.45
15/6/12,218.35
18/6/12,222.66
19/6/12,224.03
20/6/12,223.02
21/6/12,220.575
22/6/12,222.16
25/6/12,220.07
26/6/12,225.61
27/6/12,225.62
28/6/12,221.31
29/6/12,228.35
2/7/12,229.32
3/7/12,229.53
4/7/12,
5/7/12,227.06
6/7/12,225.05
9/7/12,225.05
10/7/12,219.5
11/7/12,218.37
12/7/12,215.36
13/7/12,218.39
16/7/12,216.01
17/7/12,216.93
18/7/12,217.47
19/7/12,226.17
20/7/12,228.29
23/7/12,226.01
24/7/12,223.04
25/7/12,217.05
26/7/12,220.01
27/7/12,237.32
30/7/12,236.09
31/7/12,233.3
1/8/12,232.09
2/8/12,230.81
3/8/12,234.97
6/8/12,233.99
7/8/12,236.56
8/8/12,234.38
9/8/12,234.06
10/8/12,232.75
13/8/12,232.44
14/8/12,233.19
15/8/12,237.42
16/8/12,241.55
17/8/12,241.17
20/8/12,240.35
21/8/12,239.45
22/8/12,243.1
23/8/12,241.198
24/8/12,245.74
27/8/12,243.92
28/8/12,246.11
29/8/12,247.12
30/8/12,246.22
31/8/12,248.27
3/9/12,
4/9/12,247.88
5/9/12,246.22
6/9/12,251.38
7/9/12,259.14
10/9/12,257.09
11/9/12,255.67
12/9/12,255.63
13/9/12,260.24
14/9/12,261.27
17/9/12,258
18/9/12,258.75
19/9/12,261.68
20/9/12,260.81
21/9/12,257.47
24/9/12,254.805
25/9/12,252.46
26/9/12,249.67
27/9/12,256.59
28/9/12,254.32
1/10/12,252.01
2/10/12,250.6
3/10/12,255.92
4/10/12,260.47
5/10/12,258.51
8/10/12,259.06
9/10/12,250.96
10/10/12,244.99
11/10/12,244.22
12/10/12,242.36
15/10/12,244.18
16/10/12,243.94
17/10/12,247.49
18/10/12,244.85
19/10/12,240
22/10/12,233.78
23/10/12,234.31
24/10/12,228.49
25/10/12,222.92
26/10/12,238.24
29/10/12,
30/10/12,
31/10/12,232.8931
1/11/12,232.14
2/11/12,232.4224
5/11/12,234.33
6/11/12,237.56
7/11/12,232.0608
8/11/12,227.35
9/11/12,226.31
12/11/12,226.47
13/11/12,226.6
14/11/12,222.95
15/11/12,220.599
16/11/12,225.23
19/11/12,229.71
20/11/12,233.78
21/11/12,238.03
22/11/12,
23/11/12,239.88
26/11/12,243.62
27/11/12,243.4017
28/11/12,247.11
29/11/12,251.27
30/11/12,252.05
3/12/12,250.3291
4/12/12,252.4881
5/12/12,253.96
6/12/12,253.37
7/12/12,253.2681
10/12/12,247.77
11/12/12,250.69
12/12/12,251.76
13/12/12,251.25
14/12/12,249.19
17/12/12,253.86
18/12/12,260.4
19/12/12,257.99
20/12/12,261.5
21/12/12,256.92
24/12/12,258.62
25/12/12,
26/12/12,248.6314
27/12/12,248.31
28/12/12,245.18
31/12/12,250.87
1/1/13,
2/1/13,257.31
3/1/13,258.48
4/1/13,259.15
7/1/13,268.4592
8/1/13,266.38
9/1/13,266.35
10/1/13,265.34
11/1/13,267.94
14/1/13,272.73
15/1/13,271.9
16/1/13,268.93
17/1/13,270.48
18/1/13,272.12
21/1/13,
22/1/13,270.19
23/1/13,268.11
24/1/13,273.62
25/1/13,283.99
28/1/13,276.04
29/1/13,260.35
30/1/13,272.764
31/1/13,265.5
1/2/13,265
4/2/13,259.98
5/2/13,266.89
6/2/13,262.22
7/2/13,260.23
8/2/13,261.95
11/2/13,257.21
12/2/13,258.7
13/2/13,269.47
14/2/13,269.24
15/2/13,265.09
18/2/13,
19/2/13,269.75
20/2/13,266.41
21/2/13,265.94
22/2/13,265.42
25/2/13,259.87
26/2/13,259.36
27/2/13,263.25
28/2/13,264.27
1/3/13,265.74
4/3/13,273.11
5/3/13,275.59
6/3/13,273.79
7/3/13,273.88
8/3/13,274.19
11/3/13,271.24
12/3/13,274.13
13/3/13,275.1
14/3/13,265.74
15/3/13,261.82
18/3/13,257.89
19/3/13,256.41
20/3/13,257.278
21/3/13,253.39
22/3/13,257.75
25/3/13,256.02
26/3/13,260.31
27/3/13,265.3
28/3/13,266.49
29/3/13,
1/4/13,261.61
2/4/13,263.322
3/4/13,259.03
4/4/13,259.08
5/4/13,255.48
8/4/13,258.95
9/4/13,261.14
10/4/13,264.77
11/4/13,269.85
12/4/13,272.87
15/4/13,267.72
16/4/13,272.34
17/4/13,267.4
18/4/13,259.42
19/4/13,260.32
22/4/13,263.55
23/4/13,268.9
24/4/13,268.78
25/4/13,274.7
26/4/13,254.81
29/4/13,249.74
30/4/13,253.81
1/5/13,248.23
2/5/13,252.55
3/5/13,258.05
6/5/13,255.72
7/5/13,257.73
8/5/13,258.68
9/5/13,260.16
10/5/13,263.63
13/5/13,264.51
14/5/13,268.33
15/5/13,266.56
16/5/13,264.12
17/5/13,269.9
20/5/13,267.63
21/5/13,268.86
22/5/13,262.96
23/5/13,261.8
24/5/13,261.74
27/5/13,
28/5/13,267.29
29/5/13,265.53
30/5/13,266.83
31/5/13,269.2
3/6/13,266.88
4/6/13,265.7
5/6/13,267.17
6/6/13,267.83
7/6/13,276.87
10/6/13,281.07
11/6/13,274.78
12/6/13,271.67
13/6/13,275.79
14/6/13,273.99
17/6/13,278.06
18/6/13,281.76
19/6/13,278.16
20/6/13,273.44
21/6/13,273.36
24/6/13,270.61
25/6/13,272.088
26/6/13,277.57
27/6/13,277.55
28/6/13,277.69
1/7/13,282.1
2/7/13,283.73
3/7/13,284.03
4/7/13,
5/7/13,285.88
8/7/13,290.59
9/7/13,291.53
10/7/13,292.33
11/7/13,299.66
12/7/13,307.55
15/7/13,306.57
16/7/13,306.87
17/7/13,308.69
18/7/13,304.11
19/7/13,305.23
22/7/13,303.48
23/7/13,301.06
24/7/13,298.94
25/7/13,303.4
26/7/13,312.01
29/7/13,306.1
30/7/13,302.41
31/7/13,301.22
1/8/13,305.57
2/8/13,304.21
5/8/13,300.99
6/8/13,300.75
7/8/13,296.91
8/8/13,295.74
9/8/13,297.26
12/8/13,296.69
13/8/13,293.97
14/8/13,291.34
15/8/13,286.47
16/8/13,284.82
19/8/13,285.57
20/8/13,287.09
21/8/13,284.57
22/8/13,289.73
23/8/13,290.01
26/8/13,286.21
27/8/13,280.93
28/8/13,281.58
29/8/13,283.98
30/8/13,280.98
2/9/13,
3/9/13,288.8
4/9/13,293.64
5/9/13,294.1
6/9/13,295.86
9/9/13,299.71
10/9/13,300.36
11/9/13,299.64
12/9/13,298.86
13/9/13,297.92
16/9/13,296.06
17/9/13,304.17
18/9/13,312.034
19/9/13,312.06
20/9/13,316.34
23/9/13,311.49
24/9/13,314.13
25/9/13,312.65
26/9/13,318.12
27/9/13,316.01
30/9/13,312.64
1/10/13,320.95
2/10/13,320.51
3/10/13,314.76
4/10/13,319.04
7/10/13,310.03
8/10/13,303.23
9/10/13,298.23
10/10/13,305.174
11/10/13,310.889
14/10/13,310.7
15/10/13,306.4
16/10/13,310.49
17/10/13,310.77
18/10/13,328.931
21/10/13,326.44
22/10/13,332.54
23/10/13,326.756
24/10/13,332.21
25/10/13,363.39
28/10/13,358.16
29/10/13,362.7
30/10/13,361.08
31/10/13,364.03
1/11/13,359.002
4/11/13,358.74
5/11/13,358.892
6/11/13,356.18
7/11/13,343.56
8/11/13,350.31
11/11/13,354.378
12/11/13,349.53
13/11/13,356.22
14/11/13,367.396
15/11/13,369.17
18/11/13,366.18
19/11/13,364.94
20/11/13,362.57
21/11/13,368.92
22/11/13,372.31
25/11/13,376.64
26/11/13,381.37
27/11/13,386.71
28/11/13,
29/11/13,393.62
2/12/13,392.3
3/12/13,384.66
4/12/13,385.96
5/12/13,384.49
6/12/13,386.95
9/12/13,384.89
10/12/13,387.78
11/12/13,382.19
12/12/13,381.25
13/12/13,384.24
16/12/13,388.97
17/12/13,387.65
18/12/13,395.96
19/12/13,395.19
20/12/13,402.2
23/12/13,402.92
24/12/13,399.2
25/12/13,
26/12/13,404.39
27/12/13,398.08
30/12/13,393.37
31/12/13,398.79
1/1/14,
2/1/14,397.97
3/1/14,396.44
6/1/14,393.63
7/1/14,398.03
8/1/14,401.92
9/1/14,401.01
10/1/14,397.66
13/1/14,390.98
14/1/14,397.54
15/1/14,395.87
16/1/14,395.8
17/1/14,399.61
20/1/14,
21/1/14,407.05
22/1/14,404.54
23/1/14,399.87
24/1/14,387.6
27/1/14,386.28
28/1/14,394.43
29/1/14,384.2
30/1/14,403.01
31/1/14,358.69
3/2/14,346.15
4/2/14,347.95
5/2/14,346.45
6/2/14,354.59
7/2/14,361.08
10/2/14,360.87
11/2/14,361.79
12/2/14,349.25
13/2/14,357.2
14/2/14,357.35
17/2/14,
18/2/14,353.65
19/2/14,347.38
20/2/14,349.8
21/2/14,346.76
24/2/14,351.78
25/2/14,358.32
26/2/14,359.8
27/2/14,360.13
28/2/14,362.1
3/3/14,359.78
4/3/14,363.9
5/3/14,372.37
6/3/14,372.16
7/3/14,372.06
10/3/14,370.53
11/3/14,368.82
12/3/14,370.64
13/3/14,371.51
14/3/14,373.74
17/3/14,375.04
18/3/14,378.77
19/3/14,373.23
20/3/14,368.97
21/3/14,360.62
24/3/14,351.85
25/3/14,354.71
26/3/14,343.41
27/3/14,338.47
28/3/14,338.29
31/3/14,336.365
1/4/14,342.99
2/4/14,341.96
3/4/14,333.62
4/4/14,323
7/4/14,317.76
8/4/14,327.07
9/4/14,331.805
10/4/14,317.11
11/4/14,311.73
14/4/14,315.91
15/4/14,316.08
16/4/14,323.68
17/4/14,324.91
18/4/14,
21/4/14,330.87
22/4/14,329.32
23/4/14,324.58
24/4/14,337.15
25/4/14,303.83
28/4/14,296.58
29/4/14,300.38
30/4/14,304.13
1/5/14,307.89
2/5/14,308.01
5/5/14,310.05
6/5/14,297.38
7/5/14,292.71
8/5/14,288.32
9/5/14,292.24
12/5/14,302.86
13/5/14,304.64
14/5/14,297.62
15/5/14,295.19
16/5/14,297.7
19/5/14,296.755
20/5/14,301.19
21/5/14,305.01
22/5/14,304.91
23/5/14,312.24
26/5/14,
27/5/14,310.82
28/5/14,310.16
29/5/14,313.78
30/5/14,312.55
2/6/14,308.84
3/6/14,307.19
4/6/14,306.78
5/6/14,323.57
6/6/14,329.67
9/6/14,327.5
10/6/14,332.41
11/6/14,335.2
12/6/14,325.91
13/6/14,326.27
16/6/14,327.62
17/6/14,325.62
18/6/14,334.38
19/6/14,327
20/6/14,324.2
23/6/14,327.24
24/6/14,324.16
25/6/14,327.44
26/6/14,325.69
27/6/14,324.57
30/6/14,324.78
1/7/14,332.39
2/7/14,332.85
3/7/14,337.492
4/7/14,
7/7/14,333.55
8/7/14,323.81
9/7/14,329.97
10/7/14,327.92
11/7/14,346.2
14/7/14,355.32
15/7/14,354.44
16/7/14,355.9
17/7/14,352.454
18/7/14,358.66
21/7/14,359.76
22/7/14,360.84
23/7/14,358.14
24/7/14,358.61
25/7/14,324.01
28/7/14,320.41
29/7/14,320
30/7/14,322.51
31/7/14,312.99
1/8/14,307.06
4/8/14,313.65
5/8/14,312.32
6/8/14,313.89
7/8/14,311.45
8/8/14,316.8
11/8/14,318.33
12/8/14,319.32
13/8/14,326.28
14/8/14,333.21
15/8/14,333.63
18/8/14,334.53
19/8/14,335.13
20/8/14,335.78
21/8/14,332.91
22/8/14,331.59
25/8/14,334.02
26/8/14,341.83
27/8/14,343.18
28/8/14,340.02
29/8/14,339.04
1/9/14,
2/9/14,342.38
3/9/14,339
4/9/14,345.95
5/9/14,346.38
8/9/14,342.34
9/9/14,329.75
10/9/14,331.33
11/9/14,330.52
12/9/14,331.19
15/9/14,323.89
16/9/14,327.76
17/9/14,324
18/9/14,325
19/9/14,331.32
22/9/14,324.5
23/9/14,323.63
24/9/14,328.21
25/9/14,321.93
26/9/14,323.21
29/9/14,321.82
30/9/14,322.44
1/10/14,317.46
2/10/14,318.41
3/10/14,322.74
6/10/14,322.2
7/10/14,316.98
8/10/14,322.7
9/10/14,315.37
10/10/14,311.39
13/10/14,306.45
14/10/14,308.31
15/10/14,305.97
16/10/14,302.86
17/10/14,303.64
20/10/14,306.21
21/10/14,315.33
22/10/14,312.97
23/10/14,313.18
24/10/14,287.06
27/10/14,289.97
28/10/14,295.59
29/10/14,294.12
30/10/14,299.07
31/10/14,305.46
3/11/14,305.72
4/11/14,302.81
5/11/14,296.52
6/11/14,296.64
7/11/14,299.86
10/11/14,305.11
11/11/14,312.01
12/11/14,311.51
13/11/14,316.48
14/11/14,327.82
17/11/14,323.05
18/11/14,324.93
19/11/14,326.54
20/11/14,330.54
21/11/14,332.63
24/11/14,335.64
25/11/14,335.04
26/11/14,333.57
27/11/14,
28/11/14,338.64
1/12/14,326
2/12/14,326.31
3/12/14,316.5
4/12/14,316.93
5/12/14,312.63
8/12/14,306.64
9/12/14,312.5
10/12/14,305.84
11/12/14,307.36
12/12/14,307.32
15/12/14,306.07
16/12/14,295.06
17/12/14,298.88
18/12/14,297.73
19/12/14,299.9
22/12/14,306.54
23/12/14,306.285
24/12/14,303.03
25/12/14,
26/12/14,309.09
29/12/14,312.04
30/12/14,310.3
31/12/14,310.35
1/1/15,
2/1/15,308.52
5/1/15,302.19
6/1/15,295.29
7/1/15,298.42
8/1/15,300.46
9/1/15,296.93
12/1/15,291.41
13/1/15,294.74
14/1/15,293.27
15/1/15,286.95
16/1/15,290.74
19/1/15,
20/1/15,289.44
21/1/15,297.25
22/1/15,310.32
23/1/15,312.39
26/1/15,309.66
27/1/15,306.75
28/1/15,303.91
29/1/15,311.78
30/1/15,354.53
2/2/15,364.47
3/2/15,363.55
4/2/15,364.75
5/2/15,373.89
6/2/15,374.28
9/2/15,370.56
10/2/15,372.995
11/2/15,375.14
12/2/15,377.17
13/2/15,381.83
16/2/15,
17/2/15,375.43
18/2/15,373.37
19/2/15,378.995
20/2/15,383.66
23/2/15,380.14
24/2/15,378.59
25/2/15,385.37
26/2/15,384.8
27/2/15,380.16
2/3/15,385.655
3/3/15,384.61
4/3/15,382.72
5/3/15,387.83
6/3/15,380.09
9/3/15,378.56
10/3/15,369.51
11/3/15,366.37
12/3/15,374.24
13/3/15,370.58
16/3/15,373.35
17/3/15,371.92
18/3/15,375.135
19/3/15,373.24
20/3/15,378.49
23/3/15,375.11
24/3/15,374.09
25/3/15,370.96
26/3/15,367.35
27/3/15,370.56
30/3/15,374.59
31/3/15,372.1
1/4/15,370.255
2/4/15,372.25
3/4/15,
6/4/15,377.04
7/4/15,374.41
8/4/15,381.2
9/4/15,383.54
10/4/15,382.65
13/4/15,382.36
14/4/15,385.11
15/4/15,383.45
16/4/15,386.04
17/4/15,375.56
20/4/15,389.51
21/4/15,391.18
22/4/15,389.8
23/4/15,389.99
24/4/15,445.1
27/4/15,438.56
28/4/15,429.31
29/4/15,429.37
30/4/15,421.78
1/5/15,422.87
4/5/15,423.04
5/5/15,421.19
6/5/15,419.1
7/5/15,426.88
8/5/15,433.69
11/5/15,432.85
12/5/15,431.02
13/5/15,426.87
14/5/15,432.28
15/5/15,426
18/5/15,425.24
19/5/15,421.71
20/5/15,423.86
21/5/15,431.63
22/5/15,427.63
25/5/15,
26/5/15,425.47
27/5/15,431.42
28/5/15,426.57
29/5/15,429.23
1/6/15,430.92
2/6/15,430.99
3/6/15,436.59
4/6/15,430.78
5/6/15,426.95
8/6/15,423.5
9/6/15,425.48
10/6/15,430.77
11/6/15,432.97
12/6/15,429.92
15/6/15,423.67
16/6/15,427.26
17/6/15,427.81
18/6/15,439.39
19/6/15,434.92
22/6/15,436.29
23/6/15,445.99
24/6/15,440.84
25/6/15,440.1
26/6/15,438.1
29/6/15,429.86
30/6/15,434.09
1/7/15,437.39
2/7/15,437.71
3/7/15,
6/7/15,436.04
7/7/15,436.72
8/7/15,429.7
9/7/15,434.39
10/7/15,443.51
13/7/15,455.57
14/7/15,465.57
15/7/15,461.19
16/7/15,475.48
17/7/15,483.01
20/7/15,488.1
21/7/15,488
22/7/15,488.27
23/7/15,482.18
24/7/15,529.42
27/7/15,531.41
28/7/15,526.03
29/7/15,529
30/7/15,536.76
31/7/15,536.15
3/8/15,535.03
4/8/15,531.9
5/8/15,537.01
6/8/15,529.46
7/8/15,522.62
10/8/15,524
11/8/15,527.46
12/8/15,525.91
13/8/15,529.66
14/8/15,531.52
17/8/15,535.22
18/8/15,535.02
19/8/15,532.92
20/8/15,515.78
21/8/15,494.47
24/8/15,463.37
25/8/15,466.37
26/8/15,500.77
27/8/15,518.37
28/8/15,518.01
31/8/15,512.89
1/9/15,496.54
2/9/15,510.55
3/9/15,504.72
4/9/15,499
7/9/15,
8/9/15,517.54
9/9/15,516.89
10/9/15,522.24
11/9/15,529.44
14/9/15,521.38
15/9/15,522.37
16/9/15,527.39
17/9/15,538.87
18/9/15,540.26
21/9/15,548.39
22/9/15,538.4
23/9/15,536.07
24/9/15,533.75
25/9/15,524.25
28/9/15,504.06
29/9/15,496.07
30/9/15,511.89
1/10/15,520.72
2/10/15,532.54
5/10/15,543.68
6/10/15,537.48
7/10/15,541.94
8/10/15,533.16
9/10/15,539.8
12/10/15,550.19
13/10/15,548.9
14/10/15,544.83
15/10/15,562.44
16/10/15,570.76
19/10/15,573.15
20/10/15,560.88
21/10/15,555.77
22/10/15,563.91
23/10/15,599.03
26/10/15,608.61
27/10/15,611.01
28/10/15,617.1
29/10/15,626.55
30/10/15,625.9
2/11/15,628.35
3/11/15,625.31
4/11/15,640.95
5/11/15,655.65
6/11/15,659.37
9/11/15,655.49
10/11/15,659.68
11/11/15,673.25
12/11/15,665.6
13/11/15,642.35
16/11/15,647.81
17/11/15,643.3
18/11/15,663.54
19/11/15,661.27
20/11/15,668.45
23/11/15,678.99
24/11/15,671.15
25/11/15,675.34
26/11/15,
27/11/15,673.26
30/11/15,664.8
1/12/15,679.06
2/12/15,676.01
3/12/15,666.25
4/12/15,672.64
7/12/15,669.83
8/12/15,677.33
9/12/15,664.79
10/12/15,662.32
11/12/15,640.15
14/12/15,657.91
15/12/15,658.64
16/12/15,675.77
17/12/15,670.65
18/12/15,664.14
21/12/15,664.51
22/12/15,663.15
23/12/15,663.7
24/12/15,662.79
25/12/15,
28/12/15,675.2
29/12/15,693.97
30/12/15,689.07
31/12/15,675.89
1/1/16,
4/1/16,636.99
5/1/16,633.79
6/1/16,632.65
7/1/16,607.94
8/1/16,607.05
11/1/16,617.74
12/1/16,617.89
13/1/16,581.81
14/1/16,593
15/1/16,570.18
18/1/16,
19/1/16,574.48
20/1/16,571.77
21/1/16,575.02
22/1/16,596.38
25/1/16,596.53
26/1/16,601.25
27/1/16,583.35
28/1/16,635.35
29/1/16,587
1/2/16,574.81
2/2/16,552.1
3/2/16,531.07
4/2/16,536.26
5/2/16,502.13
8/2/16,488.1
9/2/16,482.07
10/2/16,490.48
11/2/16,503.82
12/2/16,507.08
15/2/16,
16/2/16,521.1
17/2/16,534.1
18/2/16,525
19/2/16,534.9
22/2/16,559.5
23/2/16,552.94
24/2/16,554.04
25/2/16,555.15
26/2/16,555.23
29/2/16,552.52
1/3/16,579.04
2/3/16,580.21
3/3/16,577.49
4/3/16,575.14
7/3/16,562.8
8/3/16,560.26
9/3/16,559.47
10/3/16,558.93
11/3/16,569.61
14/3/16,573.37
15/3/16,577.02
16/3/16,574.27
17/3/16,559.44
18/3/16,552.08
21/3/16,553.98
22/3/16,560.48
23/3/16,569.63
24/3/16,582.95
25/3/16,
28/3/16,579.87
29/3/16,593.86
30/3/16,598.69
31/3/16,593.64
1/4/16,598.5
4/4/16,593.19
5/4/16,586.14
6/4/16,602.08
7/4/16,591.43
8/4/16,594.6
11/4/16,595.93
12/4/16,603.17
13/4/16,614.82
14/4/16,620.75
15/4/16,625.89
18/4/16,635.35
19/4/16,627.9
20/4/16,632.99
21/4/16,631
22/4/16,620.5
25/4/16,626.2
26/4/16,616.88
27/4/16,606.57
28/4/16,602
29/4/16,659.59
2/5/16,683.85
3/5/16,671.32
4/5/16,670.9
5/5/16,659.09
6/5/16,673.95
9/5/16,679.75
10/5/16,703.07
11/5/16,713.23
12/5/16,717.93
13/5/16,709.92
16/5/16,710.66
17/5/16,695.27
18/5/16,697.45
19/5/16,698.52
20/5/16,702.8
23/5/16,696.75
24/5/16,704.2
25/5/16,708.35
26/5/16,714.91
27/5/16,712.24
30/5/16,
31/5/16,722.79
1/6/16,719.44
2/6/16,728.24
3/6/16,725.54
6/6/16,726.73
7/6/16,723.74
8/6/16,726.64
9/6/16,727.65
10/6/16,717.91
13/6/16,715.24
14/6/16,719.3
15/6/16,714.26
16/6/16,717.51
17/6/16,706.39
20/6/16,714.01
21/6/16,715.82
22/6/16,710.6
23/6/16,722.08
24/6/16,698.96
27/6/16,691.36
28/6/16,707.95
29/6/16,715.6
30/6/16,715.62
1/7/16,725.68
4/7/16,
5/7/16,728.1
6/7/16,737.61
7/7/16,736.57
8/7/16,745.81
11/7/16,753.78
12/7/16,748.21
13/7/16,742.63
14/7/16,741.2
15/7/16,735.44
18/7/16,736.07
19/7/16,739.95
20/7/16,745.72
21/7/16,744.43
22/7/16,744.86
25/7/16,739.61
26/7/16,735.59
27/7/16,736.67
28/7/16,752.61
29/7/16,758.81
1/8/16,767.74
2/8/16,760.58
3/8/16,754.64
4/8/16,760.77
5/8/16,765.98
8/8/16,766.56
9/8/16,768.31
10/8/16,768.56
11/8/16,771.24
12/8/16,772.56
15/8/16,768.49
16/8/16,764.04
17/8/16,764.63
18/8/16,764.46
19/8/16,757.31
22/8/16,759.48
23/8/16,762.45
24/8/16,757.25
25/8/16,759.22
26/8/16,769
29/8/16,771.29
30/8/16,767.58
31/8/16,769.16
1/9/16,770.62
2/9/16,772.44
5/9/16,
6/9/16,788.87
7/9/16,784.48
8/9/16,784.06
9/9/16,760.14
12/9/16,771.49
13/9/16,761.01
14/9/16,761.09
15/9/16,769.69
16/9/16,778.52
19/9/16,775.1
20/9/16,780.22
21/9/16,789.74
22/9/16,804.7
23/9/16,805.75
26/9/16,799.16
27/9/16,816.11
28/9/16,828.72
29/9/16,829.05
30/9/16,837.31
3/10/16,836.74
4/10/16,834.03
5/10/16,844.36
6/10/16,841.66
7/10/16,839.43
10/10/16,841.71
11/10/16,831
12/10/16,834.09
13/10/16,829.28
14/10/16,822.96
17/10/16,812.95
18/10/16,817.65
19/10/16,817.69
20/10/16,810.32
21/10/16,818.99
24/10/16,838.09
25/10/16,835.18
26/10/16,822.59
27/10/16,818.36
28/10/16,776.32
31/10/16,789.82
1/11/16,785.41
2/11/16,765.56
3/11/16,767.03
4/11/16,755.05
7/11/16,784.93
8/11/16,787.75
9/11/16,771.88
10/11/16,742.38
11/11/16,739.01
14/11/16,719.07
15/11/16,743.24
16/11/16,746.49
17/11/16,756.4
18/11/16,760.16
21/11/16,780
22/11/16,785.33
23/11/16,780.12
24/11/16,
25/11/16,780.37
28/11/16,766.77
29/11/16,762.52
30/11/16,750.57
1/12/16,743.65
2/12/16,740.34
5/12/16,759.36
6/12/16,764.72
7/12/16,770.42
8/12/16,767.33
9/12/16,768.66
12/12/16,760.12
13/12/16,774.34
14/12/16,768.82
15/12/16,761
16/12/16,757.77
19/12/16,766
20/12/16,771.22
21/12/16,770.6
22/12/16,766.34
23/12/16,760.59
26/12/16,
27/12/16,771.4
28/12/16,772.13
29/12/16,765.15
30/12/16,749.87
2/1/17,
3/1/17,753.67
4/1/17,757.18
5/1/17,780.45
6/1/17,795.99
9/1/17,796.92
10/1/17,795.9
11/1/17,799.02
12/1/17,813.64
13/1/17,817.14
16/1/17,
17/1/17,809.72
18/1/17,807.48
19/1/17,809.04
20/1/17,808.33
23/1/17,817.88
24/1/17,822.44
25/1/17,836.52
26/1/17,839.15
27/1/17,835.77
30/1/17,830.38
31/1/17,823.48
1/2/17,832.35
2/2/17,839.95
3/2/17,810.2
6/2/17,807.64
7/2/17,812.5
8/2/17,819.71
9/2/17,821.36
10/2/17,827.46
13/2/17,836.53
14/2/17,836.39
15/2/17,842.7
16/2/17,844.14
17/2/17,845.07
20/2/17,
21/2/17,856.44
22/2/17,855.61
23/2/17,852.19
24/2/17,845.24
27/2/17,848.64
28/2/17,845.04
1/3/17,853.08
2/3/17,848.91
3/3/17,849.88
6/3/17,846.61
7/3/17,846.02
8/3/17,850.5
9/3/17,853
10/3/17,852.46
13/3/17,854.59
14/3/17,852.53
15/3/17,852.97
16/3/17,853.42
17/3/17,852.31
20/3/17,856.97
21/3/17,843.2
22/3/17,848.06
23/3/17,847.38
24/3/17,845.61
27/3/17,846.82
28/3/17,856
29/3/17,874.32
30/3/17,876.34
31/3/17,886.54
3/4/17,891.51
4/4/17,906.83
5/4/17,909.28
6/4/17,898.28
7/4/17,894.88
10/4/17,907.04
11/4/17,902.36
12/4/17,896.23
13/4/17,884.67
14/4/17,
17/4/17,901.99
18/4/17,903.78
19/4/17,899.2
20/4/17,902.06
21/4/17,898.53
24/4/17,907.41
25/4/17,907.62
26/4/17,909.29
27/4/17,918.38
28/4/17,924.99
1/5/17,948.23
2/5/17,946.94
3/5/17,941.03
4/5/17,937.53
5/5/17,934.15
8/5/17,949.04
9/5/17,952.82
10/5/17,948.95
11/5/17,947.62
12/5/17,961.35
15/5/17,957.97
16/5/17,966.07
17/5/17,944.76
18/5/17,958.49
19/5/17,959.84
22/5/17,970.67
23/5/17,971.54
24/5/17,980.35
25/5/17,993.38
26/5/17,995.78
29/5/17,
30/5/17,996.7
31/5/17,994.62
1/6/17,995.95
2/6/17,1006.73
5/6/17,1011.34
6/6/17,1003
7/6/17,1010.07
8/6/17,1010.27
9/6/17,978.31
12/6/17,964.91
13/6/17,980.79
14/6/17,976.47
15/6/17,964.17
16/6/17,987.71
19/6/17,995.17
20/6/17,992.59
21/6/17,1002.23
22/6/17,1001.3
23/6/17,1003.74
26/6/17,993.98
27/6/17,976.78
28/6/17,990.33
29/6/17,975.93
30/6/17,968
3/7/17,953.66
4/7/17,
5/7/17,971.4
6/7/17,965.14
7/7/17,978.76
10/7/17,996.47
11/7/17,994.13
12/7/17,1006.51
13/7/17,1000.63
14/7/17,1001.81
17/7/17,1010.04
18/7/17,1024.45
19/7/17,1026.87
20/7/17,1028.7
21/7/17,1025.67
24/7/17,1038.95
25/7/17,1039.87
26/7/17,1052.8
27/7/17,1046
28/7/17,1020.04
31/7/17,987.78
1/8/17,996.19
2/8/17,995.89
3/8/17,986.92
4/8/17,987.58
7/8/17,992.27
8/8/17,989.84
9/8/17,982.01
10/8/17,956.92
11/8/17,967.99
14/8/17,983.3
15/8/17,982.74
16/8/17,978.18
17/8/17,960.57
18/8/17,958.47
21/8/17,953.29
22/8/17,966.9
23/8/17,958
24/8/17,952.45
25/8/17,945.26
28/8/17,946.02
29/8/17,954.06
30/8/17,967.59
31/8/17,980.6
1/9/17,978.25
4/9/17,
5/9/17,965.27
6/9/17,967.8
7/9/17,979.47
8/9/17,965.9
11/9/17,977.96
12/9/17,982.58
13/9/17,999.6
14/9/17,992.21
15/9/17,986.79
18/9/17,974.19
19/9/17,969.86
20/9/17,973.21
21/9/17,964.65
22/9/17,955.1
25/9/17,939.79
26/9/17,938.6
27/9/17,950.87
28/9/17,956.4
29/9/17,961.35
2/10/17,959.19
3/10/17,957.1
4/10/17,965.45
5/10/17,980.85
6/10/17,989.58
9/10/17,990.99
10/10/17,987.2
11/10/17,995
12/10/17,1000.93
13/10/17,1002.94
16/10/17,1006.34
17/10/17,1009.13
18/10/17,997
19/10/17,986.61
20/10/17,982.91
23/10/17,966.3
24/10/17,975.9
25/10/17,972.91
26/10/17,972.43
27/10/17,1100.95
30/10/17,1110.85
31/10/17,1105.28
1/11/17,1103.68
2/11/17,1094.22
3/11/17,1111.6
6/11/17,1120.66
7/11/17,1123.17
8/11/17,1132.88
9/11/17,1129.13
10/11/17,1125.35
13/11/17,1129.17
14/11/17,1136.84
15/11/17,1126.69
16/11/17,1137.29
17/11/17,1129.88
20/11/17,1126.31
21/11/17,1139.49
22/11/17,1156.16
23/11/17,
24/11/17,1186
27/11/17,1195.83
28/11/17,1193.6
29/11/17,1161.27
30/11/17,1176.75
1/12/17,1162.35
4/12/17,1133.95
5/12/17,1141.57
6/12/17,1152.35
7/12/17,1159.79
8/12/17,1162
11/12/17,1168.92
12/12/17,1165.08
13/12/17,1164.13
14/12/17,1174.26
15/12/17,1179.14
18/12/17,1190.58
19/12/17,1187.38
20/12/17,1177.62
21/12/17,1174.76
22/12/17,1168.36
25/12/17,
26/12/17,1176.76
27/12/17,1182.26
28/12/17,1186.1
29/12/17,1169.47
1/1/18,
2/1/18,1189.01
3/1/18,1204.2
4/1/18,1209.59
5/1/18,1229.14
8/1/18,1246.87
9/1/18,1252.7
10/1/18,1254.33
11/1/18,1276.68
12/1/18,1305.2
15/1/18,
16/1/18,1304.86
17/1/18,1295
18/1/18,1293.32
19/1/18,1294.58
22/1/18,1327.31
23/1/18,1362.54
24/1/18,1357.51
25/1/18,1377.95
26/1/18,1402.05
29/1/18,1417.68
30/1/18,1437.82
31/1/18,1450.89
1/2/18,1390
2/2/18,1429.95
5/2/18,1390
6/2/18,1442.84
7/2/18,1416.78
8/2/18,1350.5
9/2/18,1339.6
12/2/18,1386.23
13/2/18,1414.51
14/2/18,1451.05
15/2/18,1461.76
16/2/18,1448.69
19/2/18,
20/2/18,1468.35
21/2/18,1482.92
22/2/18,1485.34
23/2/18,1500
26/2/18,1521.95
27/2/18,1511.98
28/2/18,1512.45
1/3/18,1493.45
2/3/18,1500.25
5/3/18,1523.61
6/3/18,1537.64
7/3/18,1545
8/3/18,1551.86
9/3/18,1578.89
12/3/18,1598.39
13/3/18,1588.18
14/3/18,1591
15/3/18,1582.32
16/3/18,1571.68
19/3/18,1544.93
20/3/18,1586.51
21/3/18,1581.86
22/3/18,1544.92
23/3/18,1495.56
26/3/18,1555.86
27/3/18,1497.05
28/3/18,1431.42
29/3/18,1447.34
30/3/18,
2/4/18,1371.99
3/4/18,1392.05
4/4/18,1410.57
5/4/18,1451.75
6/4/18,1405.23
9/4/18,1406.08
10/4/18,1436.22
11/4/18,1427.05
12/4/18,1448.5
13/4/18,1430.79
16/4/18,1441.5
17/4/18,1503.83
18/4/18,1527.84
19/4/18,1556.91
20/4/18,1527.49
23/4/18,1517.86
24/4/18,1460.09
25/4/18,1460.17
26/4/18,1517.96
27/4/18,1572.62
30/4/18,1566.13
1/5/18,1582.26
2/5/18,1569.68
3/5/18,1572.075
4/5/18,1580.95
7/5/18,1600.14
8/5/18,1592.39
9/5/18,1608
10/5/18,1609.08
11/5/18,1602.91
14/5/18,1601.54
15/5/18,1576.12
16/5/18,1587.28
17/5/18,1581.76
18/5/18,1574.37
21/5/18,1585.46
22/5/18,1581.4
23/5/18,1601.86
24/5/18,1603.07
25/5/18,1610.15
28/5/18,
29/5/18,1612.87
30/5/18,1624.89
31/5/18,1629.62
1/6/18,1641.54
4/6/18,1665.27
5/6/18,1696.35
6/6/18,1695.75
7/6/18,1689.3
8/6/18,1683.99
11/6/18,1689.12
12/6/18,1698.75
13/6/18,1704.86
14/6/18,1723.86
15/6/18,1715.97
18/6/18,1723.79
19/6/18,1734.78
20/6/18,1750.08
21/6/18,1730.22
22/6/18,1715.67
25/6/18,1663.15
26/6/18,1691.09
27/6/18,1660.51
28/6/18,1701.45
29/6/18,1699.8